{
  "name": "tokenmagic",
  "title": "Tokenmagic",
  "description": "<p>Add graphic filters and animations on your tokens and tiles.</p>",
  "version": "0.1.3b",
  "compatibleCoreVersion": "0.6.5",
  "minimumCoreVersion": "0.6.0",
  "author": "SecretFire",
  "scripts": [
    "libs/filters/pixi-filters.js"
  ],
  "esmodules": [
    "module/tokenmagic.js",
    "fx/Anime.js",
    "fx/glsl/vertexshaders/customvertex2D.js",
    "fx/glsl/fragmentshaders/removeshadow.js",
    "fx/glsl/fragmentshaders/cosmicray.js",
    "fx/glsl/fragmentshaders/fog.js",
    "fx/glsl/fragmentshaders/electriciy.js",
    "fx/glsl/fragmentshaders/smoke.js",
    "fx/glsl/fragmentshaders/waves.js",
    "fx/glsl/fragmentshaders/fire.js",
    "fx/glsl/fragmentshaders/flood.js",
    "fx/glsl/fragmentshaders/smoke.js",
    "fx/glsl/fragmentshaders/forcefield.js",
    "fx/glsl/fragmentshaders/mirrorimages.js",
    "fx/filters/FilterBevel.js",
    "fx/filters/FilterAdjustment.js",
    "fx/filters/FilterAdvancedBloom.js",
    "fx/filters/FilterDistortion.js",
    "fx/filters/FilterGlow.js",
    "fx/filters/FilterOldFilm.js",
    "fx/filters/FilterDropShadow.js",
    "fx/filters/FilterOutline.js",
    "fx/filters/FilterTwist.js",
    "fx/filters/FilterZoomBlur.js",
    "fx/filters/FilterBlur.js",
    "fx/filters/FilterBulgePinch.js",
    "fx/filters/FilterRemoveShadow.js",
    "fx/filters/FilterRays.js",
    "fx/filters/FilterFog.js",
    "fx/filters/FilterElectric.js",
    "fx/filters/FilterShockWave.js",
    "fx/filters/FilterFumes.js",
    "fx/filters/FilterWaves.js",
    "fx/filters/FilterFire.js",
    "fx/filters/FilterFlood.js",
    "fx/filters/FilterSmoke.js",
    "fx/filters/FilterForceField.js",
    "fx/filters/FilterMirrorImages.js",
    "fx/filters/proto/FilterProto.js"

  ],
  "styles": [],
  "packs": [
    {
      "name": "tmMacros",
      "label": "TokenMagic Portfolio",
      "path": "packs/token-magic-portfolio.db",
      "entity": "Macro",
      "module": "tokenmagic"
    }
  ],
  "languages": [
    {
      "lang": "en",
      "name": "English",
      "path": "lang/en.json"
    },
    {
      "lang": "fr",
      "name": "French (FRANCE)",
      "path": "lang/fr.json"
    }
  ],
  "socket": true,
  "url": "https://github.com/Feu-Secret/Tokenmagic",
  "manifest": "https://raw.githubusercontent.com/Feu-Secret/Tokenmagic/master/tokenmagic/module.json",
  "download": "https://github.com/Feu-Secret/Tokenmagic/raw/master/Tokenmagic.zip"
}