{
  "name": "tokenmagic",
  "title": "Token Magic FX",
  "description": "<p>Add special effects and animations on your tokens, tiles, drawings and templates.</p>",
  "version": "0.4.2",
  "compatibleCoreVersion": "0.6.6",
  "minimumCoreVersion": "0.6.0",
  "author": "SecretFire and sPOiDar (Auto-Templates)",
  "authors": [
    {
      "name": "SecretFire"
    },
    {
      "name": "sPOiDar"
    }
  ],
  "scripts": [
    "libs/filters/pixi-filters.js"
  ],
  "esmodules": [
    "module/settings.js",
    "module/tokenmagic.js",
    "module/proto/PlaceableObjectProto.js",
    "fx/Anime.js",
    "fx/filters/FilterBevel.js",
    "fx/filters/FilterAdjustment.js",
    "fx/filters/FilterAdvancedBloom.js",
    "fx/filters/FilterDistortion.js",
    "fx/filters/FilterGlow.js",
    "fx/filters/FilterOldFilm.js",
    "fx/filters/FilterDropShadow.js",
    "fx/filters/FilterOutline.js",
    "fx/filters/FilterTwist.js",
    "fx/filters/FilterZoomBlur.js",
    "fx/filters/FilterBlur.js",
    "fx/filters/FilterBulgePinch.js",
    "fx/filters/FilterRemoveShadow.js",
    "fx/filters/FilterRays.js",
    "fx/filters/FilterFog.js",
    "fx/filters/FilterXFog.js",
    "fx/filters/FilterElectric.js",
    "fx/filters/FilterShockWave.js",
    "fx/filters/FilterFumes.js",
    "fx/filters/FilterWaves.js",
    "fx/filters/FilterFire.js",
    "fx/filters/FilterFlood.js",
    "fx/filters/FilterSmoke.js",
    "fx/filters/FilterForceField.js",
    "fx/filters/FilterMirrorImages.js",
    "fx/filters/FilterXRays.js",
    "fx/filters/FilterLiquid.js",
    "fx/filters/FilterGleamingGlow.js",
    "fx/filters/FilterPixelate.js",
    "fx/filters/FilterSpiderWeb.js",
    "fx/filters/FilterSolarRipples.js",
    "fx/filters/FilterGlobes.js",
    "fx/filters/FilterTransform.js",
    "fx/filters/FilterSplash.js",
    "fx/filters/proto/FilterProto.js"
  ],
  "styles": [
    "styles/tokenmagic.css"
  ],
  "packs": [
    {
      "name": "tmMacros",
      "label": "TokenMagic Portfolio",
      "path": "packs/token-magic-portfolio.db",
      "entity": "Macro",
      "module": "tokenmagic"
    }
  ],
  "languages": [
    {
      "lang": "en",
      "name": "English",
      "path": "lang/en.json"
    },
    {
      "lang": "fr",
      "name": "French (FRANCE)",
      "path": "lang/fr.json"
    }
  ],
  "socket": true,
  "url": "https://github.com/Feu-Secret/Tokenmagic",
  "manifest": "https://raw.githubusercontent.com/Feu-Secret/Tokenmagic/master/tokenmagic/module.json",
  "download": "https://github.com/Feu-Secret/Tokenmagic/releases/download/v0.4.1-alpha/Tokenmagic.zip"
}
