[
    {
        "name": "bevel",
        "params": [
            {
                "filterType": "bevel",
                "filterId": "bevel",
                "rotation": 0,
                "thickness": 5,
                "lightColor": 16711680,
                "lightAlpha": 0.8,
                "shadowColor": 65280,
                "shadowAlpha": 0.5,
                "animated": {
                    "rotation": {
                        "active": true,
                        "clockWise": true,
                        "loopDuration": 1600,
                        "animType": "syncRotation"
                    }
                }
            }
        ]
    },
    {
        "name": "adjustment",
        "params": [
            {
                "filterType": "adjustment",
                "filterId": "adjustment",
                "saturation": 1.5,
                "brightness": 1.5,
                "contrast": 2,
                "gamma": 2,
                "red": 4,
                "green": 0.25,
                "blue": 0.25,
                "alpha": 1,
                "animated": {
                    "alpha": {
                        "active": true,
                        "loopDuration": 5000,
                        "animType": "syncCosOscillation",
                        "val1": 0.15,
                        "val2": 1
                    }
                }
            }
        ]
    },
    {
        "name": "dropshadow",
        "params": [
            {
                "filterType": "shadow",
                "filterId": "dropshadow",
                "rotation": 35,
                "blur": 2,
                "quality": 5,
                "distance": 20,
                "alpha": 0.7,
                "padding": 10,
                "shadowOnly": false,
                "color": 0,
                "animated": {
                    "blur": {
                        "active": true,
                        "loopDuration": 1500,
                        "animType": "syncCosOscillation",
                        "val1": 2,
                        "val2": 3
                    },
                    "rotation": {
                        "active": true,
                        "loopDuration": 150,
                        "animType": "syncSinOscillation",
                        "val1": 33,
                        "val2": 35
                    }
                }
            }
        ]
    },
    {
        "name": "outline",
        "params": [
            {
                "filterType": "outline",
                "filterId": "outline",
                "padding": 10,
                "color": 15622197,
                "thickness": 1,
                "quality": 5,
                "animated": {
                    "thickness": {
                        "active": true,
                        "loopDuration": 800,
                        "animType": "syncCosOscillation",
                        "val1": 1,
                        "val2": 6
                    }
                }
            }
        ]
    },
    {
        "name": "glow",
        "params": [
            {
                "filterType": "glow",
                "filterId": "glow",
                "outerStrength": 7,
                "innerStrength": 0,
                "color": 24576,
                "quality": 0.5,
                "padding": 10,
                "animated": {
                    "color": {
                        "active": true,
                        "loopDuration": 3000,
                        "animType": "colorOscillation",
                        "val1": 12288,
                        "val2": 65280
                    }
                }
            }
        ]
    },
    {
        "name": "bloom",
        "params": [
            {
                "filterType": "xbloom",
                "filterId": "bloom",
                "threshold": 0.35,
                "bloomScale": 0,
                "brightness": 1,
                "blur": 0.1,
                "padding": 10,
                "quality": 15,
                "blendMode": 0,
                "animated": {
                    "bloomScale": {
                        "active": true,
                        "loopDuration": 2000,
                        "animType": "syncCosOscillation",
                        "val1": 0,
                        "val2": 2.1
                    },
                    "threshold": {
                        "active": false,
                        "loopDuration": 1000,
                        "animType": "syncCosOscillation",
                        "val1": 0,
                        "val2": 1.9
                    }
                }
            }
        ]
    },
    {
        "name": "distortion",
        "params": [
            {
                "filterType": "distortion",
                "filterId": "distortion",
                "maskPath": "/modules/tokenmagic/fx/assets/distortion-1.png",
                "maskSpriteScaleX": 5,
                "maskSpriteScaleY": 5,
                "padding": 20,
                "animated": {
                    "maskSpriteX": {
                        "active": true,
                        "speed": 0.05,
                        "animType": "move"
                    },
                    "maskSpriteY": {
                        "active": true,
                        "speed": 0.07,
                        "animType": "move"
                    }
                }
            }
        ]
    },
    {
        "name": "oldfilm",
        "params": [
            {
                "filterType": "oldfilm",
                "filterId": "oldfilm",
                "sepia": 0.6,
                "noise": 0.2,
                "noiseSize": 1,
                "scratch": 0.8,
                "scratchDensity": 0.5,
                "scratchWidth": 1.2,
                "vignetting": 0.9,
                "vignettingAlpha": 0.6,
                "vignettingBlur": 0.2,
                "animated": {
                    "seed": {
                        "active": true,
                        "animType": "randomNumber",
                        "val1": 0,
                        "val2": 1
                    },
                    "vignetting": {
                        "active": true,
                        "animType": "syncCosOscillation",
                        "loopDuration": 2000,
                        "val1": 0.2,
                        "val2": 0.4
                    }
                }
            },
            {
                "filterType": "outline",
                "filterId": "oldfilm",
                "color": 0,
                "thickness": 0
            }
        ]
    },
    {
        "name": "twist",
        "params": [
            {
                "filterType": "twist",
                "filterId": "twist",
                "radiusPercent": 120,
                "angle": 0,
                "animated": {
                    "angle": {
                        "active": true,
                        "animType": "sinOscillation",
                        "loopDuration": 10000,
                        "val1": -1.8849555921538759,
                        "val2": 1.8849555921538759
                    }
                }
            }
        ]
    },
    {
        "name": "bulge",
        "params": [
            {
                "filterType": "bulgepinch",
                "filterId": "bulge",
                "padding": 150,
                "strength": 0,
                "zIndex": 2,
                "radiusPercent": 200,
                "animated": {
                    "strength": {
                        "active": true,
                        "animType": "cosOscillation",
                        "loopDuration": 2000,
                        "val1": 0,
                        "val2": 0.45
                    }
                }
            }
        ]
    },
    {
        "name": "blur",
        "params": [
            {
                "filterType": "blur",
                "filterId": "blur",
                "padding": 10,
                "quality": 4,
                "blur": 0,
                "blurX": 0,
                "blurY": 0,
                "animated": {
                    "blurX": {
                        "active": true,
                        "animType": "syncCosOscillation",
                        "loopDuration": 500,
                        "val1": 0,
                        "val2": 6
                    },
                    "blurY": {
                        "active": true,
                        "animType": "syncCosOscillation",
                        "loopDuration": 750,
                        "val1": 0,
                        "val2": 6
                    }
                }
            }
        ]
    },
    {
        "name": "zoomblur",
        "params": [
            {
                "filterType": "zoomblur",
                "filterId": "zoomblur",
                "strength": 0.15,
                "innerRadiusPercent": 65,
                "radiusPercent": 100,
                "padding": 30,
                "animated": {
                    "innerRadiusPercent": {
                        "active": true,
                        "animType": "sinOscillation",
                        "loopDuration": 500,
                        "val1": 65,
                        "val2": 75
                    }
                }
            }
        ]
    },
    {
        "name": "shockwave",
        "params": [
            {
                "filterType": "shockwave",
                "filterId": "shockwave",
                "time": 0,
                "amplitude": 8,
                "wavelength": 75,
                "radius": 500,
                "brightness": 1.5,
                "speed": 25,
                "padding": 0,
                "animated": {
                    "time": {
                        "animType": "cosOscillation",
                        "active": true,
                        "loopDuration": 1800,
                        "val1": 0,
                        "val2": 10
                    }
                }
            }
        ]
    },
    {
        "name": "zapshadow",
        "params": [
            {
                "filterType": "zapshadow",
                "filterId": "zapshadow",
                "alphaTolerance": 0.45
            }
        ]
    },
    {
        "name": "rays",
        "params": [
            {
                "filterType": "ray",
                "filterId": "rays",
                "time": 0,
                "color": 13598720,
                "alpha": 0.5,
                "divisor": 32,
                "anchorX": 0,
                "anchorY": 0,
                "animated": {
                    "time": {
                        "active": true,
                        "speed": 0.0005,
                        "animType": "move"
                    }
                }
            }
        ]
    },
    {
        "name": "fog",
        "params": [
            {
                "filterType": "fog",
                "filterId": "fog",
                "color": 0,
                "density": 0.65,
                "time": 0,
                "dimX": 1,
                "dimY": 1,
                "animated": {
                    "time": {
                        "active": true,
                        "speed": 2.2,
                        "animType": "move"
                    }
                }
            }
        ]
    },
    {
        "name": "fumes",
        "params": [
            {
                "filterType": "fumes",
                "filterId": "fumes",
                "color": 8421504,
                "time": 0,
                "blend": 8,
                "animated": {
                    "time": {
                        "active": true,
                        "speed": 0.001,
                        "animType": "move"
                    }
                }
            }
        ]
    },
    {
        "name": "electric",
        "params": [
            {
                "filterType": "electric",
                "filterId": "electric",
                "color": 16777215,
                "time": 0,
                "blend": 1,
                "intensity": 5,
                "animated": {
                    "time": {
                        "active": true,
                        "speed": 0.002,
                        "animType": "move"
                    }
                }
            }
        ]
    },
    {
        "name": "fire",
        "params": [
            {
                "filterType": "fire",
                "filterId": "fire",
                "intensity": 1,
                "color": 16777215,
                "amplitude": 1,
                "time": 0,
                "blend": 2,
                "fireBlend": 1,
                "animated": {
                    "time": {
                        "active": true,
                        "speed": -0.0024,
                        "animType": "move"
                    },
                    "intensity": {
                        "active": true,
                        "loopDuration": 15000,
                        "val1": 0.8,
                        "val2": 2,
                        "animType": "syncCosOscillation"
                    },
                    "amplitude": {
                        "active": true,
                        "loopDuration": 4400,
                        "val1": 1,
                        "val2": 1.4,
                        "animType": "syncCosOscillation"
                    }
                }
            }
        ]
    },
    {
        "name": "waves",
        "params": [
            {
                "filterType": "wave",
                "filterId": "waves",
                "time": 0,
                "anchorX": 0.5,
                "anchorY": 0.5,
                "strength": 0.015,
                "frequency": 120,
                "color": 16777215,
                "maxIntensity": 2.5,
                "minIntensity": 0.9,
                "padding": 10,
                "animated": {
                    "time": {
                        "active": true,
                        "speed": 0.0085,
                        "animType": "move"
                    },
                    "anchorX": {
                        "active": false,
                        "val1": 0.15,
                        "val2": 0.85,
                        "animType": "syncChaoticOscillation",
                        "loopDuration": 20000
                    },
                    "anchorY": {
                        "active": false,
                        "val1": 0.15,
                        "val2": 0.85,
                        "animType": "syncSinOscillation",
                        "loopDuration": 20000
                    }
                }
            }
        ]
    },
    {
        "name": "flood",
        "params": [
            {
                "filterType": "flood",
                "filterId": "flood",
                "time": 0,
                "color": 8379,
                "billowy": 0.43,
                "tintIntensity": 0.72,
                "glint": 0.31,
                "scale": 70,
                "padding": 10,
                "animated": {
                    "time": {
                        "active": true,
                        "speed": 0.0006,
                        "animType": "move"
                    }
                }
            }
        ]
    },
    {
        "name": "smoke",
        "params": [
            {
                "filterType": "smoke",
                "filterId": "smoke",
                "color": 5282269,
                "time": 0,
                "blend": 2,
                "dimX": 0.1,
                "dimY": 1,
                "animated": {
                    "time": {
                        "active": true,
                        "speed": 0.009,
                        "animType": "move"
                    }
                }
            }
        ]
    },
    {
        "name": "images",
        "params": [
            {
                "filterType": "images",
                "filterId": "images",
                "time": 0,
                "nbImage": 4,
                "alphaImg": 1,
                "alphaChr": 0,
                "blend": 4,
                "ampX": 0.1,
                "ampY": 0.1,
                "animated": {
                    "time": {
                        "active": true,
                        "speed": 0.001,
                        "animType": "move"
                    }
                }
            }
        ]
    },
    {
        "name": "chaos-images",
        "params": [
            {
                "filterType": "images",
                "filterId": "chaos-images",
                "time": 0,
                "nbImage": 4,
                "alphaImg": 1,
                "alphaChr": 0,
                "blend": 4,
                "ampX": 0.1,
                "ampY": 0.1,
                "padding": 80,
                "animated": {
                    "time": {
                        "active": true,
                        "speed": 0.001,
                        "animType": "move"
                    },
                    "ampX": {
                        "active": true,
                        "val1": 0,
                        "val2": 0.3,
                        "chaosFactor": 0.03,
                        "animType": "syncChaoticOscillation",
                        "loopDuration": 2000
                    },
                    "ampY": {
                        "active": true,
                        "val1": 0,
                        "val2": 0.3,
                        "chaosFactor": 0.04,
                        "animType": "syncChaoticOscillation",
                        "loopDuration": 1650
                    },
                    "alphaChr": {
                        "active": true,
                        "animType": "randomNumberPerLoop",
                        "val1": 0,
                        "val2": 1,
                        "loopDuration": 250
                    },
                    "alphaImg": {
                        "active": true,
                        "animType": "randomNumberPerLoop",
                        "val1": 0.8,
                        "val2": 1,
                        "loopDuration": 250
                    },
                    "nbImage": {
                        "active": true,
                        "val1": 1,
                        "val2": 9,
                        "animType": "syncSinOscillation",
                        "loopDuration": 1400
                    }
                }
            }
        ]
    },
    {
        "name": "spectral-images",
        "params": [
            {
                "filterType": "images",
                "filterId": "spectral-images",
                "time": 0,
                "blend": 4,
                "nbImage": 4,
                "padding": 100,
                "alphaImg": 0.5,
                "alphaChr": 0,
                "ampX": 0.1,
                "ampY": 0.1,
                "animated": {
                    "time": {
                        "speed": 0.001,
                        "animType": "move"
                    },
                    "ampX": {
                        "val1": 0,
                        "val2": 0.22,
                        "animType": "syncCosOscillation",
                        "loopDuration": 2500
                    },
                    "ampY": {
                        "val1": 0,
                        "val2": 0.24,
                        "animType": "syncCosOscillation",
                        "loopDuration": 2500,
                        "pauseBetweenDuration": 2500
                    },
                    "alphaChr": {
                        "val1": 1,
                        "val2": 0,
                        "animType": "syncCosOscillation",
                        "loopDuration": 2500
                    },
                    "alphaImg": {
                        "val1": 0.2,
                        "val2": 0.8,
                        "animType": "syncSinOscillation",
                        "loopDuration": 2500
                    }
                }
            }
        ]
    },
    {
        "name": "hexa-field",
        "params": [
            {
                "filterType": "field",
                "filterId": "hexa-field",
                "shieldType": 2,
                "gridPadding": 1.5,
                "color": 13369548,
                "time": 0,
                "blend": 3,
                "intensity": 1,
                "lightAlpha": 0.5,
                "lightSize": 0.5,
                "scale": 1,
                "radius": 1,
                "chromatic": false,
                "animated": {
                    "time": {
                        "active": true,
                        "speed": 0.0015,
                        "animType": "move"
                    }
                }
            }
        ]
    },
    {
        "name": "fire-field",
        "params": [
            {
                "filterType": "field",
                "filterId": "fire-field",
                "shieldType": 1,
                "gridPadding": 2,
                "color": 15041872,
                "time": 0,
                "blend": 2,
                "intensity": 1.15,
                "lightAlpha": 2,
                "lightSize": 0.7,
                "scale": 1,
                "radius": 1,
                "chromatic": false,
                "animated": {
                    "time": {
                        "active": true,
                        "speed": 0.0015,
                        "animType": "move"
                    }
                }
            }
        ]
    },
    {
        "name": "smoke-field",
        "params": [
            {
                "filterType": "field",
                "filterId": "smoke-field",
                "shieldType": 3,
                "gridPadding": 1.5,
                "color": 6343792,
                "time": 0,
                "blend": 2,
                "intensity": 0.9,
                "lightAlpha": 1,
                "lightSize": 0.7,
                "scale": 1,
                "radius": 1,
                "chromatic": false,
                "animated": {
                    "time": {
                        "active": true,
                        "speed": 0.0015,
                        "animType": "move"
                    }
                }
            }
        ]
    },
    {
        "name": "earth-field",
        "params": [
            {
                "filterType": "field",
                "filterId": "earth-field",
                "shieldType": 4,
                "gridPadding": 2,
                "color": 12292208,
                "time": 0,
                "blend": 1,
                "intensity": 1.25,
                "lightAlpha": 1,
                "lightSize": 0.7,
                "scale": 1,
                "radius": 1,
                "chromatic": false,
                "animated": {
                    "time": {
                        "active": true,
                        "speed": 0.0015,
                        "animType": "move"
                    }
                }
            }
        ]
    },
    {
        "name": "earth-field-top",
        "params": [
            {
                "filterType": "field",
                "filterId": "earth-field-top",
                "shieldType": 5,
                "gridPadding": 3,
                "color": 11184810,
                "time": 0,
                "blend": 5,
                "intensity": 1.9,
                "lightAlpha": 1,
                "lightSize": 0.7,
                "scale": 1,
                "radius": 1,
                "zIndex": 5,
                "chromatic": true,
                "animated": {
                    "time": {
                        "active": true,
                        "speed": 0.0015,
                        "animType": "move"
                    }
                }
            }
        ]
    },
    {
        "name": "air-field",
        "params": [
            {
                "filterType": "field",
                "filterId": "air-field",
                "shieldType": 6,
                "gridPadding": 1.2,
                "color": 7377066,
                "time": 0,
                "blend": 14,
                "intensity": 1,
                "lightAlpha": 1,
                "lightSize": 0.7,
                "scale": 1,
                "radius": 1,
                "chromatic": false,
                "animated": {
                    "time": {
                        "active": true,
                        "speed": 0.0015,
                        "animType": "move"
                    }
                }
            }
        ]
    },
    {
        "name": "magic-field",
        "params": [
            {
                "filterType": "field",
                "filterId": "magic-field",
                "shieldType": 7,
                "gridPadding": 1,
                "color": 16777215,
                "time": 0,
                "blend": 10,
                "intensity": 0.8,
                "lightAlpha": 1,
                "lightSize": 0.45,
                "scale": 1,
                "radius": 1,
                "chromatic": false,
                "animated": {
                    "time": {
                        "active": true,
                        "speed": 0.0015,
                        "animType": "move"
                    }
                }
            }
        ]
    },
    {
        "name": "chromatic-field",
        "params": [
            {
                "filterType": "field",
                "filterId": "chromatic-field",
                "shieldType": 8,
                "gridPadding": 2,
                "color": 11184810,
                "time": 0,
                "blend": 0,
                "intensity": 1,
                "lightAlpha": 0,
                "lightSize": 0,
                "scale": 1,
                "radius": 1,
                "chromatic": true,
                "animated": {
                    "time": {
                        "active": true,
                        "speed": 0.0045,
                        "animType": "move"
                    }
                }
            }
        ]
    },
    {
        "name": "water-field",
        "params": [
            {
                "filterType": "field",
                "filterId": "water-field",
                "shieldType": 9,
                "gridPadding": 1.2,
                "color": 2145262,
                "time": 0,
                "blend": 4,
                "intensity": 1,
                "lightAlpha": 0.7,
                "lightSize": 0.5,
                "scale": 0.6,
                "radius": 1,
                "chromatic": false,
                "animated": {
                    "time": {
                        "active": true,
                        "speed": 0.0015,
                        "animType": "move"
                    }
                }
            }
        ]
    },
    {
        "name": "evil-field",
        "params": [
            {
                "filterType": "field",
                "filterId": "evil-field",
                "shieldType": 9,
                "gridPadding": 2,
                "color": 16723984,
                "time": 0,
                "blend": 5,
                "intensity": 1,
                "lightAlpha": 4,
                "lightSize": 0.8,
                "scale": 0.5,
                "radius": 1,
                "chromatic": false,
                "animated": {
                    "time": {
                        "active": true,
                        "speed": 0.0012,
                        "animType": "move"
                    },
                    "lightSize": {
                        "val1": 0.4,
                        "val2": 1.5,
                        "animType": "syncCosOscillation",
                        "loopDuration": 5000
                    }
                }
            }
        ]
    },
    {
        "name": "grid-field",
        "params": [
            {
                "filterType": "field",
                "filterId": "grid-field",
                "shieldType": 11,
                "gridPadding": 2,
                "color": 52428,
                "time": 0,
                "blend": 2,
                "intensity": 1,
                "lightAlpha": 1,
                "lightSize": 0.3,
                "scale": 0.5,
                "radius": 1,
                "chromatic": false,
                "animated": {
                    "time": {
                        "active": true,
                        "speed": 0.0009,
                        "animType": "move"
                    }
                }
            }
        ]
    },
    {
        "name": "warp-field",
        "params": [
            {
                "filterType": "field",
                "filterId": "warp-field",
                "shieldType": 12,
                "gridPadding": 2,
                "color": 16777215,
                "time": 0,
                "blend": 2,
                "intensity": 1,
                "lightAlpha": 0.8,
                "lightSize": 0.5,
                "scale": 0.9,
                "radius": 1,
                "chromatic": false,
                "animated": {
                    "time": {
                        "active": true,
                        "speed": 0.0009,
                        "animType": "move"
                    }
                }
            }
        ]
    },
    {
        "name": "color-field",
        "params": [
            {
                "filterType": "field",
                "filterId": "color-field",
                "shieldType": 13,
                "gridPadding": 2,
                "color": 52224,
                "time": 0,
                "blend": 14,
                "intensity": 1,
                "lightAlpha": 0,
                "lightSize": 0,
                "scale": 1,
                "radius": 1,
                "chromatic": false,
                "animated": {
                    "time": {
                        "active": true,
                        "speed": 0.0009,
                        "animType": "move"
                    }
                }
            }
        ]
    },
    {
        "name": "sunburst",
        "params": [
            {
                "filterType": "xray",
                "filterId": "sunburst",
                "time": 0,
                "color": 16759552,
                "blend": 9,
                "dimX": 1,
                "dimY": 1,
                "anchorX": 0,
                "anchorY": 0,
                "divisor": 36,
                "intensity": 4,
                "animated": {
                    "time": {
                        "active": true,
                        "speed": 0.0012,
                        "animType": "move"
                    },
                    "anchorX": {
                        "animType": "syncCosOscillation",
                        "loopDuration": 6000,
                        "val1": 0.4,
                        "val2": 0.6
                    }
                }
            }
        ]
    },
    {
        "name": "clover",
        "params": [
            {
                "filterType": "xray",
                "filterId": "clover",
                "time": 0,
                "color": 65280,
                "blend": 9,
                "dimX": 0.05,
                "dimY": 0.05,
                "anchorX": 0.5,
                "anchorY": 0.5,
                "divisor": 4,
                "intensity": 1,
                "animated": {
                    "time": {
                        "active": true,
                        "speed": 0.0012,
                        "animType": "move"
                    },
                    "anchorX": {
                        "animType": "syncCosOscillation",
                        "loopDuration": 6000,
                        "val1": 0.4,
                        "val2": 0.6
                    },
                    "anchorY": {
                        "animType": "syncSinOscillation",
                        "loopDuration": 6000,
                        "val1": 0.4,
                        "val2": 0.6
                    }
                }
            }
        ]
    },
    {
        "name": "scan",
        "params": [
            {
                "filterType": "xray",
                "filterId": "scan",
                "time": 0,
                "color": 16777215,
                "blend": 5,
                "dimX": 20,
                "dimY": 20,
                "anchorX": 0.5,
                "anchorY": 0,
                "divisor": 8,
                "intensity": 1,
                "animated": {
                    "time": {
                        "active": true,
                        "speed": 0.0005,
                        "animType": "move"
                    }
                }
            }
        ]
    },
    {
        "name": "blue-rays",
        "params": [
            {
                "filterType": "xray",
                "filterId": "blue-rays",
                "time": 0,
                "color": 1061119,
                "blend": 9,
                "dimX": 1,
                "dimY": 1,
                "anchorX": 0,
                "anchorY": 0,
                "divisor": 24,
                "intensity": 1,
                "animated": {
                    "time": {
                        "active": true,
                        "speed": 0.0002,
                        "animType": "move"
                    },
                    "anchorX": {
                        "animType": "syncCosOscillation",
                        "loopDuration": 18000,
                        "val1": 0.05,
                        "val2": 0.95
                    },
                    "anchorY": {
                        "animType": "syncSinOscillation",
                        "loopDuration": 18000,
                        "val1": 0.05,
                        "val2": 0.95
                    }
                }
            }
        ]
    },
    {
        "name": "spectral-body",
        "params": [
            {
                "filterType": "liquid",
                "filterId": "spectral-body",
                "color": 2140910,
                "time": 0,
                "blend": 8,
                "intensity": 4,
                "spectral": true,
                "scale": 0.9,
                "animated": {
                    "time": {
                        "active": true,
                        "speed": 0.001,
                        "animType": "move"
                    },
                    "color": {
                        "active": true,
                        "loopDuration": 6000,
                        "animType": "colorOscillation",
                        "val1": 16777215,
                        "val2": 43775
                    }
                }
            }
        ]
    },
    {
        "name": "mantle-of-madness",
        "params": [
            {
                "filterType": "liquid",
                "filterId": "mantle-of-madness",
                "color": 37119,
                "time": 0,
                "blend": 5,
                "intensity": 0.0001,
                "spectral": false,
                "scale": 7,
                "animated": {
                    "time": {
                        "active": true,
                        "speed": 0.0015,
                        "animType": "move"
                    },
                    "intensity": {
                        "active": true,
                        "animType": "syncCosOscillation",
                        "loopDuration": 30000,
                        "val1": 0.0001,
                        "val2": 4
                    },
                    "scale": {
                        "active": true,
                        "animType": "syncCosOscillation",
                        "loopDuration": 30000,
                        "val1": 7,
                        "val2": 1
                    }
                }
            }
        ]
    },
    {
        "name": "drift-in-plans",
        "params": [
            {
                "filterType": "wave",
                "filterId": "drift-in-plans",
                "time": 0,
                "anchorX": 0.5,
                "anchorY": 0.5,
                "strength": 0.035,
                "frequency": 80,
                "color": 16777215,
                "maxIntensity": 1.5,
                "minIntensity": 0.5,
                "padding": 10,
                "animated": {
                    "time": {
                        "active": true,
                        "speed": 0.0085,
                        "animType": "move"
                    },
                    "anchorX": {
                        "active": true,
                        "val1": 0.35,
                        "val2": 0.65,
                        "animType": "syncCosOscillation",
                        "loopDuration": 10000
                    },
                    "anchorY": {
                        "active": true,
                        "val1": 0.35,
                        "val2": 0.65,
                        "animType": "syncSinOscillation",
                        "loopDuration": 10000
                    }
                }
            },
            {
                "filterType": "liquid",
                "filterId": "drift-in-plans",
                "color": 16711680,
                "time": 0,
                "blend": 6,
                "intensity": 5,
                "spectral": false,
                "scale": 2.5,
                "animated": {
                    "time": {
                        "active": true,
                        "speed": 0.0018,
                        "animType": "move"
                    },
                    "color": {
                        "active": true,
                        "loopDuration": 9000,
                        "animType": "colorOscillation",
                        "val1": 16711680,
                        "val2": 16777215
                    }
                }
            }
        ]
    },
    {
        "name": "fire-aura",
        "params": [
            {
                "filterType": "zapshadow",
                "filterId": "fire-aura",
                "alphaTolerance": 0.5
            },
            {
                "filterType": "xglow",
                "filterId": "fire-aura",
                "auraType": 2,
                "color": 9449488,
                "thickness": 9.8,
                "scale": 4,
                "time": 0,
                "auraIntensity": 2,
                "subAuraIntensity": 1.5,
                "threshold": 0.4,
                "discard": true,
                "animated": {
                    "time": {
                        "active": true,
                        "speed": 0.0027,
                        "animType": "move"
                    },
                    "thickness": {
                        "active": true,
                        "loopDuration": 3000,
                        "animType": "cosOscillation",
                        "val1": 2,
                        "val2": 5
                    }
                }
            }
        ]
    },
    {
        "name": "glacial-aura",
        "params": [
            {
                "filterType": "zapshadow",
                "filterId": "glacial-aura",
                "alphaTolerance": 0.5
            },
            {
                "filterType": "xglow",
                "filterId": "glacial-aura",
                "auraType": 1,
                "color": 5282269,
                "thickness": 4.5,
                "scale": 3,
                "time": 0,
                "auraIntensity": 0.8,
                "subAuraIntensity": 0.25,
                "threshold": 0.5,
                "discard": false,
                "animated": {
                    "time": {
                        "active": true,
                        "speed": 0.0018,
                        "animType": "move"
                    },
                    "thickness": {
                        "val1": 2,
                        "val2": 4.7,
                        "animType": "cosOscillation",
                        "loopDuration": 3000
                    },
                    "subAuraIntensity": {
                        "val1": 0.45,
                        "val2": 0.65,
                        "animType": "cosOscillation",
                        "loopDuration": 6000
                    },
                    "auraIntensity": {
                        "val1": 0.9,
                        "val2": 2.2,
                        "animType": "cosOscillation",
                        "loopDuration": 3000
                    }
                }
            }
        ]
    },
    {
        "name": "anti-aura",
        "params": [
            {
                "filterType": "zapshadow",
                "filterId": "anti-aura",
                "alphaTolerance": 0.5
            },
            {
                "filterType": "xglow",
                "filterId": "anti-aura",
                "auraType": 2,
                "color": 328965,
                "thickness": 2.7,
                "scale": 7,
                "time": 0,
                "auraIntensity": 5,
                "subAuraIntensity": 2,
                "threshold": 0.08,
                "discard": false,
                "animated": {
                    "time": {
                        "active": true,
                        "speed": 0.0012,
                        "animType": "move"
                    },
                    "auraIntensity": {
                        "active": true,
                        "loopDuration": 3000,
                        "animType": "syncCosOscillation",
                        "val1": 5,
                        "val2": 0
                    },
                    "subAuraIntensity": {
                        "active": true,
                        "loopDuration": 3000,
                        "animType": "syncCosOscillation",
                        "val1": 2,
                        "val2": 0
                    },
                    "color": {
                        "active": true,
                        "loopDuration": 6000,
                        "animType": "syncColorOscillation",
                        "val1": 328965,
                        "val2": 2097152
                    },
                    "threshold": {
                        "active": true,
                        "loopDuration": 1500,
                        "animType": "syncCosOscillation",
                        "val1": 0.02,
                        "val2": 0.5
                    }
                }
            }
        ]
    },
    {
        "name": "pure-fire-aura",
        "params": [
            {
                "filterType": "fire",
                "filterId": "pure-fire-aura",
                "intensity": 1,
                "color": 16777215,
                "amplitude": 1,
                "time": 0,
                "blend": 2,
                "fireBlend": 1,
                "animated": {
                    "time": {
                        "active": true,
                        "speed": -0.0024,
                        "animType": "move"
                    },
                    "intensity": {
                        "active": true,
                        "loopDuration": 15000,
                        "val1": 0.8,
                        "val2": 2,
                        "animType": "syncCosOscillation"
                    },
                    "amplitude": {
                        "active": true,
                        "loopDuration": 4400,
                        "val1": 1,
                        "val2": 1.4,
                        "animType": "syncCosOscillation"
                    }
                }
            },
            {
                "filterType": "zapshadow",
                "filterId": "pure-fire-aura",
                "alphaTolerance": 0.5
            },
            {
                "filterType": "xglow",
                "filterId": "pure-fire-aura",
                "auraType": 2,
                "color": 9449488,
                "thickness": 9.8,
                "scale": 4,
                "time": 0,
                "auraIntensity": 2,
                "subAuraIntensity": 1.5,
                "threshold": 0.4,
                "discard": true,
                "animated": {
                    "time": {
                        "active": true,
                        "speed": 0.0027,
                        "animType": "move"
                    },
                    "thickness": {
                        "active": true,
                        "loopDuration": 3000,
                        "animType": "cosOscillation",
                        "val1": 2,
                        "val2": 5
                    }
                }
            }
        ]
    },
    {
        "name": "pure-fire-aura-2",
        "params": [
            {
                "filterType": "zapshadow",
                "filterId": "pure-fire-aura-2",
                "alphaTolerance": 0.5
            },
            {
                "filterType": "xglow",
                "filterId": "pure-fire-aura-2",
                "auraType": 2,
                "color": 9449488,
                "thickness": 9.8,
                "scale": 4,
                "time": 0,
                "auraIntensity": 1,
                "subAuraIntensity": 0.3,
                "threshold": 0.5,
                "discard": true,
                "animated": {
                    "time": {
                        "active": true,
                        "speed": 0.0027,
                        "animType": "move"
                    },
                    "thickness": {
                        "active": true,
                        "loopDuration": 3000,
                        "animType": "cosOscillation",
                        "val1": 2,
                        "val2": 3.6
                    }
                }
            },
            {
                "filterType": "fire",
                "filterId": "pure-fire-aura-2",
                "intensity": 1,
                "color": 16777215,
                "amplitude": 1,
                "time": 0,
                "blend": 2,
                "fireBlend": 1,
                "animated": {
                    "time": {
                        "active": true,
                        "speed": -0.0024,
                        "animType": "move"
                    },
                    "intensity": {
                        "active": true,
                        "loopDuration": 15000,
                        "val1": 0.8,
                        "val2": 3,
                        "animType": "syncCosOscillation"
                    },
                    "amplitude": {
                        "active": true,
                        "loopDuration": 4400,
                        "val1": 1,
                        "val2": 1.6,
                        "animType": "syncCosOscillation"
                    }
                }
            }
        ]
    },
    {
        "name": "pure-ice-aura",
        "params": [
            {
                "filterType": "zapshadow",
                "filterId": "pure-ice-aura",
                "alphaTolerance": 0.5
            },
            {
                "filterType": "xglow",
                "filterId": "pure-ice-aura",
                "auraType": 1,
                "color": 5282269,
                "thickness": 4.5,
                "scale": 10,
                "time": 0,
                "auraIntensity": 0.25,
                "subAuraIntensity": 1,
                "threshold": 0.5,
                "discard": false,
                "animated": {
                    "time": {
                        "active": true,
                        "speed": 0.0018,
                        "animType": "move"
                    },
                    "thickness": {
                        "val1": 2,
                        "val2": 3.3,
                        "animType": "cosOscillation",
                        "loopDuration": 3000
                    },
                    "subAuraIntensity": {
                        "val1": 0.45,
                        "val2": 0.65,
                        "animType": "cosOscillation",
                        "loopDuration": 6000
                    },
                    "auraIntensity": {
                        "val1": 0.9,
                        "val2": 2.2,
                        "animType": "cosOscillation",
                        "loopDuration": 3000
                    }
                }
            },
            {
                "filterType": "smoke",
                "filterId": "pure-ice-aura",
                "color": 8441087,
                "time": 0,
                "blend": 2,
                "dimX": 0.3,
                "dimY": 1,
                "animated": {
                    "time": {
                        "active": true,
                        "speed": -0.006,
                        "animType": "move"
                    },
                    "dimX": {
                        "val1": 0.4,
                        "val2": 0.2,
                        "animType": "cosOscillation",
                        "loopDuration": 3000
                    }
                }
            }
        ]
    },
    {
        "name": "pixelate",
        "params": [
            {
                "filterType": "pixel",
                "filterId": "pixelate",
                "sizeX": 2.5,
                "sizeY": 2.5
            }
        ]
    }
]